article,url,uuid,extension
van-gogh-china,https://wayback.archive-it.org/15633/20201227042059im_/https://www.artpractical.com/assets/images/logo.png,5028c409-2a54-40e8-996f-71afb07c04e7,png
van-gogh-china,/15633/20201227042059im_/https://www.artpractical.com/uploads/columns/_1024_427/Jing_Cao_Printed_Matters_3.jpg,ba97ee12-0824-4f74-99dd-63bbed0d7483,jpg
van-gogh-china,/15633/20201227042059im_/https://www.artpractical.com/uploads/columns/_1246_1246/Jing_Cao_Printed_Matters_1_horizontal.JPG,6ee8faa2-1ec2-4d04-b39b-36b079f46674,jpg
van-gogh-china,/15633/20201227042059im_/https://www.artpractical.com/uploads/columns/_1246_1246/Jing_Cao_Printed_Matters_2.jpg,04d5a309-d7fe-4c52-8e33-77e1eaaa7aa4,jpg
van-gogh-china,/15633/20201227042059im_/https://www.artpractical.com/uploads/columns/_1246_1246/Jing_Cao_Printed_Matters_4.jpg,59e8d1f3-cae4-4193-b3cb-970107c012b9,jpg
van-gogh-china,/15633/20201227042059im_/https://www.artpractical.com/uploads/columns/_1246_1246/Jing_Cao_Printed_Matters_3.jpg,c7e28a2e-756a-4fa1-91de-d54895d19d1e,jpg
van-gogh-china,/15633/20201227042059im_/https://www.artpractical.com/uploads/reviews/_194_109/Cao_LuChuntao_ChineseCultureCenter_Image1.jpg,4f9f835c-d323-45e0-a18e-15fb659eb429,jpg
van-gogh-china,/15633/20201227042059im_/https://www.artpractical.com/uploads/reviews/_194_109/Rabben_Ai_04.jpg,3b5270aa-669d-49f1-9f4d-a2b22ebbe4e6,jpg
van-gogh-china,/15633/20201227042059im_/https://www.artpractical.com/uploads/v1/_194_109/219_Frock_Platoon_Berlin.jpg,7bb6ac3a-df40-47e3-b23f-0927dbe567c1,jpg
he-ink-stone,/15633/20201224180606im_/https://www.dailyserving.com/wp-content/uploads/2016/05/logo-a-2-ver2.jpg,76868ed6-3f05-43c6-8dfb-bb1505f56dbd,jpg
he-ink-stone,/15633/20201224180606im_/https://www.dailyserving.com/wp-content/themes/cameron/images/nav/about-a.jpg,fec65282-8d38-4f86-b477-9ead5577ab46,jpg
he-ink-stone,/15633/20201224180606im_/https://www.dailyserving.com/wp-content/themes/cameron/images/nav/contributors-a.jpg,d4868494-604d-4f93-8afc-8fdab66936f9,jpg
he-ink-stone,/15633/20201224180606im_/https://www.dailyserving.com/wp-content/themes/cameron/images/nav/partners-a.jpg,7282fce2-e85b-422a-8a0a-2058ea7c72db,jpg
he-ink-stone,/15633/20201224180606im_/https://www.dailyserving.com/wp-content/themes/cameron/images/nav/sponsor-a.jpg,83f01647-ea93-4f79-a33c-b05db5cf46f8,jpg
he-ink-stone,/15633/20201224180606im_/https://www.dailyserving.com/wp-content/themes/cameron/images/nav/submit-a.jpg,14b4002c-8f7a-4bcf-b150-4359c5a21893,jpg
he-ink-stone,/15633/20201224180606im_/https://www.dailyserving.com/wp-content/themes/cameron/images/nav/facebook-a.jpg,8f570770-1d5e-4c20-812f-2fd13663b0ff,jpg
he-ink-stone,/15633/20201224180606im_/https://www.dailyserving.com/wp-content/themes/cameron/images/nav/rss-a.jpg,cf626327-6864-4a2d-8798-b707c1799f30,jpg
he-ink-stone,/15633/20201224180606im_/https://www.dailyserving.com/wp-content/themes/cameron/images/nav/twitter-a.jpg,296cee81-0ef0-4841-8ec2-dae1de1fbdfd,jpg
he-ink-stone,/15633/20201224180606im_/https://www.dailyserving.com/wp-content/uploads/2016/01/1314_1000.jpg,75e482b7-2e17-4649-a729-92f79e649508,jpg
he-ink-stone,/15633/20201224180606im_/https://www.dailyserving.com/wp-content/uploads/2016/01/1162_1000.jpg,77322358-6875-4eb0-96ac-da9c66eb50e1,jpg
he-ink-stone,/15633/20201224180606im_/https://www.dailyserving.com/wp-content/uploads/2016/01/Keeping-promise.jpg,c3b87ecd-0dd4-44f1-95d2-9ce88b92d5ca,jpg
he-ink-stone,/15633/20201224180606im_/https://www.dailyserving.com/wp-content/uploads/2016/01/19968-26681-32907-39592-1.jpg,d60eafee-c9b0-4587-8777-238214dee4a4,jpg
he-ink-stone,https://wayback.archive-it.org/15633/20201224180606im_/http://www.dailyserving.com/wp-content/themes/cameron/images/share-button.jpg,fee65403-4ddb-40c7-9703-235286afd11d,jpg
he-ink-stone,/15633/20201224180606im_/https://www.dailyserving.com/wp-content/themes/cameron/images/series/help-a.jpg,e6a5d8c9-538f-4f4f-b8c1-47096ab86852,jpg
he-ink-stone,/15633/20201224180606im_/https://www.dailyserving.com/wp-content/themes/cameron/images/series/hash-a.jpg,25f0a8b6-1664-45cd-bf94-fd27f211767c,jpg
he-ink-stone,/15633/20201224180606im_/https://www.dailyserving.com/wp-content/themes/cameron/images/series/fan-a.jpg,dd3269fd-016f-4d17-b935-ebe8df76bbc4,jpg
he-ink-stone,/15633/20201224180606im_/https://www.dailyserving.com/wp-content/themes/cameron/images/series/inter-a.jpg,ba17420e-33b8-460d-8d54-5a2ee96a016a,jpg
he-ink-stone,/15633/20201224180606im_/https://www.dailyserving.com/wp-content/uploads/2013/04/LA-a-2.jpg,93794f5f-2bd6-4b01-a0f7-546f7cae45e0,jpg
axe-bahia,https://wayback.archive-it.org/15633/20201226003916im_/https://www.artpractical.com/assets/images/logo.png,6b06057f-32eb-4966-bc1e-c2f1c8fa7bda,png
axe-bahia,/15633/20201226003916im_/https://www.artpractical.com/uploads/reviews/_1024_427/Image1-Helemozao_GordaFlor.jpg,ab927b5b-53f0-4a28-954a-62e712eb1bf4,jpg
axe-bahia,/15633/20201226003916im_/https://www.artpractical.com/uploads/features/_1246_1246/Image2-InstallSenses.jpg,1b5ffe26-0f71-4fbe-b6b5-cb2307e25632,jpg
axe-bahia,/15633/20201226003916im_/https://www.artpractical.com/uploads/features/_1246_1246/Image1-Helemozao_GordaFlor.jpg,e3a594c4-c536-4912-a75d-7ce01231dda0,jpg
axe-bahia,/15633/20201226003916im_/https://www.artpractical.com/uploads/reviews/_1246_1246/Image7-Helemozao_IgbaboFe.jpg,0e61ba3c-c936-438c-ad44-c0f04ee73bb3,jpg
axe-bahia,/15633/20201226003916im_/https://www.artpractical.com/uploads/features/_1246_1246/Image3-Dias_Delirios_detail.jpg,7d50e4df-29f0-45aa-a57b-ce7e48c8e20f,jpg
axe-bahia,/15633/20201226003916im_/https://www.artpractical.com/uploads/features/_1246_1246/Image4_InstallCatherine.jpg,0a8860ce-4500-49bc-9b9d-8f91d832bdaa,jpg
axe-bahia,/15633/20201226003916im_/https://www.artpractical.com/uploads/columns/_194_109/01_Gonzalez.jpg,6f00ccc3-d338-4ada-8143-332d092f1a55,jpg
axe-bahia,/15633/20201226003916im_/https://www.artpractical.com/uploads/features/_194_109/PosadaGilda_Image3_cropped2.jpg,6648d9e8-c624-4cee-bccd-ce4bf51af0d3,jpg
axe-bahia,/15633/20201226003916im_/https://www.artpractical.com/uploads/columns/_194_109/wayla_logo_02.jpg,45f9d0db-e853-4ec8-95be-8d4cae58f5d3,jpg
on-kawara,/15633/20201225141733im_/https://www.dailyserving.com/wp-content/uploads/2016/05/logo-a-2-ver2.jpg,9efc4671-7788-48db-bb4b-6f5460e90938,jpg
on-kawara,/15633/20201225141733im_/https://www.dailyserving.com/wp-content/themes/cameron/images/nav/about-a.jpg,b1591d1d-dac1-43ab-b9fb-1ae4755ddf15,jpg
on-kawara,/15633/20201225141733im_/https://www.dailyserving.com/wp-content/themes/cameron/images/nav/contributors-a.jpg,c43fe336-b85d-4ff6-8090-225b6e18e4bc,jpg
on-kawara,/15633/20201225141733im_/https://www.dailyserving.com/wp-content/themes/cameron/images/nav/partners-a.jpg,f30b2455-fe01-48d9-bb2e-3860d55ba066,jpg
on-kawara,/15633/20201225141733im_/https://www.dailyserving.com/wp-content/themes/cameron/images/nav/sponsor-a.jpg,256cea5d-c36d-4631-9aff-3f2a6e097b64,jpg
on-kawara,/15633/20201225141733im_/https://www.dailyserving.com/wp-content/themes/cameron/images/nav/submit-a.jpg,800ebaba-137f-4895-ac19-f7d34746c639,jpg
on-kawara,/15633/20201225141733im_/https://www.dailyserving.com/wp-content/themes/cameron/images/nav/facebook-a.jpg,e56f40a2-b93a-4c32-9c51-5aeb28ae588c,jpg
on-kawara,/15633/20201225141733im_/https://www.dailyserving.com/wp-content/themes/cameron/images/nav/rss-a.jpg,68e6b25f-2c63-47fd-a33e-2bed9206c06c,jpg
on-kawara,/15633/20201225141733im_/https://www.dailyserving.com/wp-content/themes/cameron/images/nav/twitter-a.jpg,02aef7ad-8259-4d74-aac4-e5f6ac413da5,jpg
on-kawara,/15633/20201225141733im_/https://www.dailyserving.com/wp-content/uploads/2015/04/On-Kawara-Silence-exh_ph101.jpg,d46e8fca-5b81-47d2-8faa-38e9992d6d24,jpg
on-kawara,/15633/20201225141733im_/https://www.dailyserving.com/wp-content/uploads/2015/04/OnKawara_DEC29.jpg,e1eda9f8-57d0-4b0a-b9cf-e1dff2d932cd,jpg
on-kawara,/15633/20201225141733im_/https://www.dailyserving.com/wp-content/uploads/2015/04/OnKawara_May20.jpg,fe078862-ae4f-4dd1-973b-0f53910998a4,jpg
on-kawara,/15633/20201225141733im_/https://www.dailyserving.com/wp-content/uploads/2015/04/IGOTUP_APR1.jpg,28137405-3752-4516-956d-c2c1f1461801,jpg
on-kawara,/15633/20201225141733im_/https://www.dailyserving.com/wp-content/uploads/2015/04/OnKawara_IRead.jpg,6f481a9c-4074-4c73-b097-d02207eec3f4,jpg
on-kawara,/15633/20201225141733im_/https://www.dailyserving.com/wp-content/uploads/2015/04/On-Kawara-Silence-exh_ph064.jpg,e93dad4e-0037-4899-b45f-734ac4d5966a,jpg
on-kawara,https://wayback.archive-it.org/15633/20201225141733im_/http://www.dailyserving.com/wp-content/themes/cameron/images/share-button.jpg,a1a5a9b4-680e-4eba-a4ef-f599364dda37,jpg
on-kawara,/15633/20201225141733im_/https://www.dailyserving.com/wp-content/themes/cameron/images/series/help-a.jpg,bb0d7853-4a71-4aec-a8b2-f82c7a0e66a9,jpg
on-kawara,/15633/20201225141733im_/https://www.dailyserving.com/wp-content/themes/cameron/images/series/hash-a.jpg,1a7c1888-a155-42a7-acba-9cdb05a1c08f,jpg
on-kawara,/15633/20201225141733im_/https://www.dailyserving.com/wp-content/themes/cameron/images/series/fan-a.jpg,fb7c8792-bcff-411a-bbdd-a36dadcf619b,jpg
on-kawara,/15633/20201225141733im_/https://www.dailyserving.com/wp-content/themes/cameron/images/series/inter-a.jpg,06fa01b5-9282-4d84-8cc0-ac27328f1676,jpg
on-kawara,/15633/20201225141733im_/https://www.dailyserving.com/wp-content/uploads/2013/04/LA-a-2.jpg,247fb0df-6b2a-4248-ba6b-78a602f01cab,jpg
schoolhouse-bus,https://wayback.archive-it.org/15633/20201226025722im_/https://www.artpractical.com/assets/images/logo.png,d248590c-7f59-4b27-81bf-fb4f82d14a25,png
schoolhouse-bus,/images/schoolhouse-bus/Image6-Schoolhouse___the_Bus_030.jpg,6b2fe1ce-0979-48d9-907d-cf4a74afe027,n/a
schoolhouse-bus,/images/schoolhouse-bus/Image1-Schoolhouse___the_Bus_010.jpg,9824df87-a274-4a9c-a422-0243475d8200,n/a
schoolhouse-bus,/images/schoolhouse-bus/Image2-Schoolhouse___the_Bus_007.jpg,beefb5cc-f849-4baf-b735-ca96ba351e5a,n/a
schoolhouse-bus,/images/schoolhouse-bus/Image3-Schoolhouse-and-Bus.jpg,f0e2659a-0a69-400b-a903-32e0f803d202,n/a
schoolhouse-bus,/images/schoolhouse-bus/Image4-Schoolhouse___the_Bus_071.jpg,54785d4d-2e49-48bc-bf55-11eb313d83a5,n/a
schoolhouse-bus,/images/schoolhouse-bus/Image5-Schoolhouse___the_Bus_074.jpg,dccb9685-559d-4379-b1dc-0cfd1a722f94,n/a
schoolhouse-bus,/15633/20201226025722im_/https://www.artpractical.com/uploads/features/_194_109/still_image013.jpg,d1edb4f3-4d2c-44a5-a88c-1b16db5aefa9,jpg
schoolhouse-bus,/15633/20201226025722im_/https://www.artpractical.com/uploads/features/_194_109/PosadaGilda_Image3_cropped2.jpg,e8ba6786-83cc-465e-a81b-6a0701f75b40,jpg
schoolhouse-bus,/15633/20201226025722im_/https://www.artpractical.com/uploads/features/_194_109/CAMILLE_Rebuild.jpg,af9535da-c3c0-47a3-9172-1438a133bf7d,jpg
taca-sui,/15633/20201225142228im_/https://www.dailyserving.com/wp-content/uploads/2016/05/logo-a-2-ver2.jpg,2c6e4394-5c96-46e9-8129-0b4c0b8d45ff,jpg
taca-sui,/15633/20201225142228im_/https://www.dailyserving.com/wp-content/themes/cameron/images/nav/about-a.jpg,a6e4498c-58f9-4e2d-a66a-984d92d14405,jpg
taca-sui,/15633/20201225142228im_/https://www.dailyserving.com/wp-content/themes/cameron/images/nav/contributors-a.jpg,99715430-0d05-49e3-9adc-dae3e3e1e27b,jpg
taca-sui,/15633/20201225142228im_/https://www.dailyserving.com/wp-content/themes/cameron/images/nav/partners-a.jpg,a70d0bb5-823c-4d28-a397-07d564571dc0,jpg
taca-sui,/15633/20201225142228im_/https://www.dailyserving.com/wp-content/themes/cameron/images/nav/sponsor-a.jpg,a73d469b-bfee-4d6a-b871-e5aefb83c33e,jpg
taca-sui,/15633/20201225142228im_/https://www.dailyserving.com/wp-content/themes/cameron/images/nav/submit-a.jpg,cb4394ee-46f7-4229-a7b9-dbb604d1763f,jpg
taca-sui,/15633/20201225142228im_/https://www.dailyserving.com/wp-content/themes/cameron/images/nav/facebook-a.jpg,2a446d43-ea95-4996-b72b-3c53d7568d57,jpg
taca-sui,/15633/20201225142228im_/https://www.dailyserving.com/wp-content/themes/cameron/images/nav/rss-a.jpg,6826b6b1-e1c6-4dab-aa1e-d030b6be499f,jpg
taca-sui,/15633/20201225142228im_/https://www.dailyserving.com/wp-content/themes/cameron/images/nav/twitter-a.jpg,80391cb5-c31e-4430-ad28-8f19c9a15f78,jpg
taca-sui,/15633/20201225142228im_/https://www.dailyserving.com/wp-content/uploads/2015/09/Taca-Tomb-600pw-copy.jpg,ce806151-535b-445d-8c76-d4e6bbd945c5,jpg
taca-sui,/15633/20201225142228im_/https://www.dailyserving.com/wp-content/uploads/2015/09/Taca-Feilei-600pw-copy.jpg,e5d43fe0-a797-4b55-9ad9-0c570604f291,jpg
taca-sui,/15633/20201225142228im_/https://www.dailyserving.com/wp-content/uploads/2015/09/Taca-Baofu-Spring-600pw-copy.jpg,430cbe8e-a945-4913-ae7c-ca4a561bf5db,jpg
taca-sui,/15633/20201225142228im_/https://www.dailyserving.com/wp-content/uploads/2015/09/Taca-Steles-detail-600pw-copy.jpg,1daae7f6-f295-4043-97af-be4c359b384a,jpg
taca-sui,https://wayback.archive-it.org/15633/20201225142228im_/http://www.dailyserving.com/wp-content/themes/cameron/images/share-button.jpg,c0ee85c7-62fb-4c93-a26f-e7c59d26e0ff,jpg
taca-sui,/15633/20201225142228im_/https://www.dailyserving.com/wp-content/themes/cameron/images/series/help-a.jpg,f5457cd5-3ec8-43b9-80ac-d4bb4d838b67,jpg
taca-sui,/15633/20201225142228im_/https://www.dailyserving.com/wp-content/themes/cameron/images/series/hash-a.jpg,d0fc7f92-5692-4574-a605-5191c9bcfdfe,jpg
taca-sui,/15633/20201225142228im_/https://www.dailyserving.com/wp-content/themes/cameron/images/series/fan-a.jpg,c06b028d-7a7d-4058-8b17-1eb3b1b7e5ae,jpg
taca-sui,/15633/20201225142228im_/https://www.dailyserving.com/wp-content/themes/cameron/images/series/inter-a.jpg,0cae1f18-c828-417b-8d2e-5edf5a3fc25a,jpg
taca-sui,/15633/20201225142228im_/https://www.dailyserving.com/wp-content/uploads/2013/04/LA-a-2.jpg,1dc7f713-a492-4dbf-b74b-76845e0bcf59,jpg
made-in-taiwan,/15633/20201225200616im_/https://www.dailyserving.com/wp-content/uploads/2016/05/logo-a-2-ver2.jpg,4b7f6dd8-4025-454c-9fb6-b4168f82936a,jpg
made-in-taiwan,/15633/20201225200616im_/https://www.dailyserving.com/wp-content/themes/cameron/images/nav/about-a.jpg,33511650-1ca8-4c81-94ac-c18308ba72c9,jpg
made-in-taiwan,/15633/20201225200616im_/https://www.dailyserving.com/wp-content/themes/cameron/images/nav/contributors-a.jpg,a82c48b3-bc66-42da-84e5-b6a916e68edc,jpg
made-in-taiwan,/15633/20201225200616im_/https://www.dailyserving.com/wp-content/themes/cameron/images/nav/partners-a.jpg,31f1fe1d-4168-40f3-a760-339aa1b2b924,jpg
made-in-taiwan,/15633/20201225200616im_/https://www.dailyserving.com/wp-content/themes/cameron/images/nav/sponsor-a.jpg,a862a95c-02ff-4ed8-b2df-df4df3fb0abc,jpg
made-in-taiwan,/15633/20201225200616im_/https://www.dailyserving.com/wp-content/themes/cameron/images/nav/submit-a.jpg,10f677e4-6079-49aa-8cc7-53d3d97e1237,jpg
made-in-taiwan,/15633/20201225200616im_/https://www.dailyserving.com/wp-content/themes/cameron/images/nav/facebook-a.jpg,036e52f1-81c0-4170-a214-9a5e9d49cb47,jpg
made-in-taiwan,/15633/20201225200616im_/https://www.dailyserving.com/wp-content/themes/cameron/images/nav/rss-a.jpg,230349d9-f865-4626-9aff-72ceffd38592,jpg
made-in-taiwan,/15633/20201225200616im_/https://www.dailyserving.com/wp-content/themes/cameron/images/nav/twitter-a.jpg,69990ff2-446f-4887-aefb-4532c5882878,jpg
made-in-taiwan,/15633/20201225200616im_/https://www.dailyserving.com/wp-content/uploads/2016/03/1_Exhibition.jpg,3494178d-e418-454e-86e6-b1471f3e71a4,jpg
made-in-taiwan,/15633/20201225200616im_/https://www.dailyserving.com/wp-content/uploads/2016/03/2_Kun.jpg,8b99e055-d338-44f5-a41b-03c9e5c6eb20,jpg
made-in-taiwan,/15633/20201225200616im_/https://www.dailyserving.com/wp-content/uploads/2016/03/3_Lily.jpg,4fbe653c-f772-4d58-8710-892034141f41,jpg
made-in-taiwan,/15633/20201225200616im_/https://www.dailyserving.com/wp-content/uploads/2016/03/4_Zealandia.jpg,27a0cdda-7e0d-4f7b-abef-9c4feb7f7f6c,jpg
made-in-taiwan,/15633/20201225200616im_/https://www.dailyserving.com/wp-content/uploads/2016/03/5-Immortals.jpg,ec6684c3-3cc2-4dc0-a29c-e0ec89f923eb,jpg
made-in-taiwan,/15633/20201225200616im_/https://www.dailyserving.com/wp-content/uploads/2016/03/7.Wonderland-600x394.jpg,b8032216-0295-48a5-b340-b7cd80680d08,jpg
made-in-taiwan,https://wayback.archive-it.org/15633/20201225200616im_/http://www.dailyserving.com/wp-content/themes/cameron/images/share-button.jpg,a289e1c7-f974-4ce6-82dd-ec56a0557ea2,jpg
made-in-taiwan,/15633/20201225200616im_/https://www.dailyserving.com/wp-content/themes/cameron/images/series/help-a.jpg,bdae05bf-e72e-4435-bbff-1f5bf7e90cf6,jpg
made-in-taiwan,/15633/20201225200616im_/https://www.dailyserving.com/wp-content/themes/cameron/images/series/hash-a.jpg,4cc44be5-b806-4a8c-b16d-28846cbd8ed2,jpg
made-in-taiwan,/15633/20201225200616im_/https://www.dailyserving.com/wp-content/themes/cameron/images/series/fan-a.jpg,a06fd924-8ae6-4c3a-9efc-f4d50075fd32,jpg
made-in-taiwan,/15633/20201225200616im_/https://www.dailyserving.com/wp-content/themes/cameron/images/series/inter-a.jpg,2bebdf1d-0ecf-4650-9a52-01aaa3b24dcb,jpg
made-in-taiwan,/15633/20201225200616im_/https://www.dailyserving.com/wp-content/uploads/2013/04/LA-a-2.jpg,f91983ff-4d69-4110-af83-405828507fc1,jpg
lu-mind-traveling,https://wayback.archive-it.org/15633/20201227041801im_/https://www.artpractical.com/assets/images/logo.png,ced54245-5359-4d00-a1cd-56552345c110,png
lu-mind-traveling,/15633/20201227041801im_/https://www.artpractical.com/uploads/reviews/_1024_427/Cao_LuChuntao_ChineseCultureCenter_Image1.jpg,07ed6d8e-e7a7-4095-ae69-98c782b4acf9,jpg
lu-mind-traveling,/15633/20201227041801im_/https://www.artpractical.com/uploads/reviews/_1246_1246/Cao_LuChuntao_ChineseCultureCenter_Image1.jpg,6032caed-43c6-46f6-8a05-73e27be2893f,jpg
lu-mind-traveling,/15633/20201227041801im_/https://www.artpractical.com/uploads/reviews/_1246_1246/Cao_LuChuntao_ChineseCultureCenter_Image3A.jpg,05dd10c1-3552-4f52-ba2c-afaaa548838b,jpg
lu-mind-traveling,/15633/20201227041801im_/https://www.artpractical.com/uploads/reviews/_194_109/From_Two_Arises_Three_Crop_resized.jpg,c9af0798-899f-459e-b034-f0ffb4b8b7ab,jpg
lu-mind-traveling,/15633/20201227041801im_/https://www.artpractical.com/uploads/v1/_194_109/stallaZhang2.jpg,2ff8d841-b51f-498a-9baf-eb506c2b6752,jpg
lu-mind-traveling,/15633/20201227041801im_/https://www.artpractical.com/uploads/reviews/_194_109/Anderson_PARK-1969.jpg,35b80269-c811-4c67-a64b-b2182b64aef3,jpg
anderson,https://wayback.archive-it.org/15633/20201225084610im_/https://www.artpractical.com/assets/images/logo.png,a30d4716-dbcf-4633-ad09-f96562f82574,png
anderson,/15633/20201225084610im_/https://www.artpractical.com/uploads/reviews/_1024_427/Anderson_PARK-1969.jpg,856e8d71-5983-4ca1-af77-3d28c4bf06ce,jpg
anderson,/15633/20201225084610im_/https://www.artpractical.com/uploads/reviews/_1246_1246/Anderson_RothkoGallery.jpg,711b9e3a-5cb3-46a3-81b8-af9323cda79d,jpg
anderson,/15633/20201225084610im_/https://www.artpractical.com/uploads/reviews/_1246_1246/Anderson_PARK-1969.jpg,e10e39c9-ffbd-4a57-9503-abcc48dc0d27,jpg
anderson,/15633/20201225084610im_/https://www.artpractical.com/uploads/reviews/_1246_1246/Anderson_GlassCubeGallery.jpg,2866b13a-8304-44eb-959e-de902e6f318c,jpg
anderson,/15633/20201225084610im_/https://www.artpractical.com/uploads/features/_194_109/Funk_frontespiece.jpg,ff625144-4ff4-4e6f-bda0-99912157e22a,jpg
anderson,/15633/20201225084610im_/https://www.artpractical.com/uploads/features/_194_109/Dauber_Oursler.Planet.jpg,0eac823c-9c3a-4872-a622-60a8cc61a0cf,jpg
anderson,/15633/20201225084610im_/https://www.artpractical.com/uploads/reviews/_194_109/From_Two_Arises_Three_Crop_resized.jpg,552a1825-0629-4c6d-8fa5-13c4823c03a3,jpg
28-chinese,https://wayback.archive-it.org/15633/20201227044506im_/https://www.artpractical.com/assets/images/logo.png,505618a7-0fc2-4ddf-adbb-241f3a542dbb,png
28-chinese,/15633/20201227044506im_/https://www.artpractical.com/uploads/reviews/_1024_427/Cao-28Chinese1_1.jpg,5a87433a-f147-4097-a9a7-43ae54283747,jpg
28-chinese,/15633/20201227044506im_/https://www.artpractical.com/uploads/features/_1246_1246/Cao-28Chinese5_1.jpg,5a527de3-3ea6-49bd-8ff8-e59eb87234b0,jpg
28-chinese,/15633/20201227044506im_/https://www.artpractical.com/uploads/features/_1246_1246/Cao-28Chinese6_1_.jpg,3b24b355-8567-4b32-9cf2-3f636c7f4aea,jpg
28-chinese,/15633/20201227044506im_/https://www.artpractical.com/uploads/features/_1246_1246/Cao-28Chinese3.jpg,eae34adc-d4fa-4c68-af7d-83279ca5f9f0,jpg
28-chinese,/15633/20201227044506im_/https://www.artpractical.com/uploads/reviews/_1246_1246/Cao-28Chinese1_1.jpg,5fe2fbd5-00c0-4c3d-998e-1eb16ab57429,jpg
28-chinese,/15633/20201227044506im_/https://www.artpractical.com/uploads/reviews/_194_109/Cao_LuChuntao_ChineseCultureCenter_Image1.jpg,e8b9ed68-804c-48fa-8c9c-9e57e5e7a3e3,jpg
28-chinese,/15633/20201227044506im_/https://www.artpractical.com/uploads/reviews/_194_109/Anderson_PARK-1969.jpg,f8f08e0b-5e6e-4b35-a24f-20c70127cb17,jpg
28-chinese,/15633/20201227044506im_/https://www.artpractical.com/uploads/reviews/_194_109/Rabben_Ai_04.jpg,56f7e5cc-637c-4541-8318-0cdf217563ea,jpg
tellez-games,https://wayback.archive-it.org/15633/20201227063517im_/https://www.artpractical.com/assets/images/logo.png,d91b82ea-ed79-4352-b681-cc8bd348ca05,png
tellez-games,/15633/20201227063517im_/https://www.artpractical.com/uploads/columns/_1024_427/Cao_Tellez_Image1_Tellez_Illustration_Thorazine.jpg,3864829a-bcde-4ddd-8de7-24cca92105b0,jpg
tellez-games,/15633/20201227063517im_/https://www.artpractical.com/uploads/columns/_1246_1246/Cao_Tellez_Image1_Tellez_Illustration_Thorazine.jpg,784b63c7-96fb-4ca6-a525-a9820e9d4098,jpg
tellez-games,/15633/20201227063517im_/https://www.artpractical.com/uploads/columns/_1246_1246/Cao_Tellez_Image2_Tellez_Installation_Chess.jpg,b250c143-23c8-434b-be70-987bbc5d3fe7,jpg
tellez-games,/15633/20201227063517im_/https://www.artpractical.com/uploads/columns/_1246_1246/Cao_Tellez_Image3_Tellez_Installation_WhiteKingQueenandBishop.jpg,d909f742-3697-4083-88fd-314d836bb6fd,jpg
tellez-games,/15633/20201227063517im_/https://www.artpractical.com/uploads/columns/_1246_1246/Cao_Tellez_Image4_Tellez_Illustrations_BrioGame.jpg,aa789ffd-2110-46b0-be97-7c31c1d95d61,jpg
tellez-games,/15633/20201227063517im_/https://www.artpractical.com/uploads/columns/_1246_1246/Cao_Tellez_Image5_Tellez_Illustration_Yawner.jpg,71cbcfa0-3591-4491-8def-fcf3eaa8cee8,jpg
tellez-games,/15633/20201227063517im_/https://www.artpractical.com/uploads/columns/_1246_1246/Cao_Tellez_Image6_ThreeChessProblems_Nabakov.png,d3342b6d-067e-47b6-acdb-4a9f7ae346ed,png
tellez-games,/15633/20201227063517im_/https://www.artpractical.com/uploads/reviews/_194_109/From_Two_Arises_Three_Crop_resized.jpg,96762836-17b3-4a32-8040-d1581119a441,jpg
tellez-games,/15633/20201227063517im_/https://www.artpractical.com/uploads/columns/_194_109/claudia_1.jpg,be0782ab-d837-4903-96c3-47f0a24c41f2,jpg
tellez-games,/15633/20201227063517im_/https://www.artpractical.com/uploads/columns/_194_109/PrintedMatter_Stuebner_Basquiat_03.jpg,93041d2b-954a-4f54-8fef-3b256259436a,jpg
guggenheim-tales,/15633/20201224070454im_/https://www.dailyserving.com/wp-content/uploads/2016/05/logo-a-2-ver2.jpg,899114ab-c81c-40ff-8c8a-34d8ff1dbf73,jpg
guggenheim-tales,/15633/20201224070454im_/https://www.dailyserving.com/wp-content/themes/cameron/images/nav/about-a.jpg,07029138-76ef-4539-8138-322e093249a1,jpg
guggenheim-tales,/15633/20201224070454im_/https://www.dailyserving.com/wp-content/themes/cameron/images/nav/contributors-a.jpg,b5996307-fb6f-4b09-b706-318d79dabe2b,jpg
guggenheim-tales,/15633/20201224070454im_/https://www.dailyserving.com/wp-content/themes/cameron/images/nav/partners-a.jpg,1a37a49c-aa27-4a05-823a-0d71b0339b7f,jpg
guggenheim-tales,/15633/20201224070454im_/https://www.dailyserving.com/wp-content/themes/cameron/images/nav/sponsor-a.jpg,3030eefe-b11f-4562-85fc-86ee93db931f,jpg
guggenheim-tales,/15633/20201224070454im_/https://www.dailyserving.com/wp-content/themes/cameron/images/nav/submit-a.jpg,96629019-8f12-4a43-9f12-b1453a2eda2f,jpg
guggenheim-tales,/15633/20201224070454im_/https://www.dailyserving.com/wp-content/themes/cameron/images/nav/facebook-a.jpg,fd30a2de-1a32-469b-bfde-796d56de6389,jpg
guggenheim-tales,/15633/20201224070454im_/https://www.dailyserving.com/wp-content/themes/cameron/images/nav/rss-a.jpg,9c61892c-00a6-49a1-ad6d-45cca4d1b05f,jpg
guggenheim-tales,/15633/20201224070454im_/https://www.dailyserving.com/wp-content/themes/cameron/images/nav/twitter-a.jpg,16ba7767-e75c-46c0-8028-8c692292acd6,jpg
guggenheim-tales,/15633/20201224070454im_/https://www.dailyserving.com/wp-content/uploads/2017/02/BAI_Tales-of-our-Time_text-600x347.jpeg,d839e9aa-cea5-412a-b855-0bbb473be62a,jpg
guggenheim-tales,https://wayback.archive-it.org/15633/20201224070454im_/http://www.dailyserving.com/wp-content/themes/cameron/images/share-button.jpg,7007850f-fb4a-4432-902b-b8b0e93b277b,jpg
guggenheim-tales,/15633/20201224070454im_/https://www.dailyserving.com/wp-content/themes/cameron/images/series/help-a.jpg,94e2eec4-6626-4b13-ae36-559e4c06d7ad,jpg
guggenheim-tales,/15633/20201224070454im_/https://www.dailyserving.com/wp-content/themes/cameron/images/series/hash-a.jpg,db8831bb-3172-4d61-9f33-d714ee9d66da,jpg
guggenheim-tales,/15633/20201224070454im_/https://www.dailyserving.com/wp-content/themes/cameron/images/series/fan-a.jpg,238fcc32-ae9d-4a20-8f57-7df17beb7fa2,jpg
guggenheim-tales,/15633/20201224070454im_/https://www.dailyserving.com/wp-content/themes/cameron/images/series/inter-a.jpg,3ec04569-ca7a-4e25-8b58-b538742794de,jpg
guggenheim-tales,/15633/20201224070454im_/https://www.dailyserving.com/wp-content/uploads/2013/04/LA-a-2.jpg,6613b551-52cb-499f-b626-a2fac6830b99,jpg
28-chinese-simple,/15633/20201227044506im_/https://www.artpractical.com/uploads/reviews/_1024_427/Cao-28Chinese1_1.jpg,2409041d-6fe0-4bae-a59d-cbbf0b152d54,jpg
28-chinese-simple,/15633/20201227044506im_/https://www.artpractical.com/uploads/features/_1246_1246/Cao-28Chinese5_1.jpg,de091b27-fcfe-40c3-b47c-5241fffec47d,jpg
28-chinese-simple,/15633/20201227044506im_/https://www.artpractical.com/uploads/features/_1246_1246/Cao-28Chinese6_1_.jpg,7d5de415-27a4-42ae-b6d6-823835d5a3ca,jpg
28-chinese-simple,/15633/20201227044506im_/https://www.artpractical.com/uploads/features/_1246_1246/Cao-28Chinese3.jpg,8cc3f4fe-8203-4515-bf77-389e94a74013,jpg
28-chinese-simple,/15633/20201227044506im_/https://www.artpractical.com/uploads/reviews/_1246_1246/Cao-28Chinese1_1.jpg,43fd57fa-957f-4623-b4c8-4debd46dc50f,jpg
chang-cherney,https://wayback.archive-it.org/15633/20201227034348im_/https://www.artpractical.com/assets/images/logo.png,baf0bded-2bd2-4dc8-b572-53125323c377,png
chang-cherney,/15633/20201227034348im_/https://www.artpractical.com/uploads/reviews/_1024_427/From_Two_Arises_Three_Crop_resized.jpg,f0b201ef-81a7-4018-8cf0-87dabe77544a,jpg
chang-cherney,/15633/20201227034348im_/https://www.artpractical.com/uploads/reviews/_1246_1246/From_Two_Arises_Three_Crop_resized.jpg,1b0ec7f0-3d88-43ae-acca-3107f2f85125,jpg
chang-cherney,/15633/20201227034348im_/https://www.artpractical.com/uploads/reviews/_194_109/From_Two_Arises_Three_Crop_resized.jpg,9af4452d-9b72-47ff-8de1-2390de92067b,jpg
national-gallery-singapore,/15633/20201225142119im_/https://www.dailyserving.com/wp-content/uploads/2016/05/logo-a-2-ver2.jpg,e0bd2420-7cdf-4181-8462-8eeb73ae2f90,jpg
national-gallery-singapore,/15633/20201225142119im_/https://www.dailyserving.com/wp-content/themes/cameron/images/nav/about-a.jpg,b8e735a3-aeab-4e36-90a4-c999a9ab9a5f,jpg
national-gallery-singapore,/15633/20201225142119im_/https://www.dailyserving.com/wp-content/themes/cameron/images/nav/contributors-a.jpg,2611dcf0-16f6-4a21-b71f-1b0008f36d98,jpg
national-gallery-singapore,/15633/20201225142119im_/https://www.dailyserving.com/wp-content/themes/cameron/images/nav/partners-a.jpg,c3f9f9a8-7bac-4e71-915c-fb5c182e3a5b,jpg
national-gallery-singapore,/15633/20201225142119im_/https://www.dailyserving.com/wp-content/themes/cameron/images/nav/sponsor-a.jpg,aa226d69-27a3-421e-b6d7-0138735b7d92,jpg
national-gallery-singapore,/15633/20201225142119im_/https://www.dailyserving.com/wp-content/themes/cameron/images/nav/submit-a.jpg,ba727a1b-7f6d-4935-a5bc-072407ad40bc,jpg
national-gallery-singapore,/15633/20201225142119im_/https://www.dailyserving.com/wp-content/themes/cameron/images/nav/facebook-a.jpg,1d438856-532d-4cca-9b57-854ea94c34be,jpg
national-gallery-singapore,/15633/20201225142119im_/https://www.dailyserving.com/wp-content/themes/cameron/images/nav/rss-a.jpg,b8739e65-f836-4929-96a3-8d4fca327647,jpg
national-gallery-singapore,/15633/20201225142119im_/https://www.dailyserving.com/wp-content/themes/cameron/images/nav/twitter-a.jpg,4b3d21fd-8989-4abc-b12a-6b27737987d8,jpg
national-gallery-singapore,/15633/20201225142119im_/https://www.dailyserving.com/wp-content/uploads/2016/09/1-NationalGallerySingaporeAtrium.jpg,d3f31dc8-d442-4a10-85f0-b7c46f543b7e,jpg
national-gallery-singapore,/15633/20201225142119im_/https://www.dailyserving.com/wp-content/uploads/2016/09/2-SupremeCourt.jpg,1dc51956-24e4-4575-a51f-52d10f2fa1ae,jpg
national-gallery-singapore,/15633/20201225142119im_/https://www.dailyserving.com/wp-content/uploads/2016/09/3-TonkinWoman.jpg,b8f4c8f0-046f-4019-a08f-48921e55ff95,jpg
national-gallery-singapore,/15633/20201225142119im_/https://www.dailyserving.com/wp-content/uploads/2016/09/4-Singers.jpg,fcd19eaa-008e-4ae8-a2ae-ee479e134688,jpg
national-gallery-singapore,/15633/20201225142119im_/https://www.dailyserving.com/wp-content/uploads/2016/09/5-Morning.jpg,3aee30a2-0462-4d7a-891e-59777985fc09,jpg
national-gallery-singapore,/15633/20201225142119im_/https://www.dailyserving.com/wp-content/uploads/2016/09/6-DawnonFarm.jpg,a9d9dde1-01f2-4bea-9606-334282c02bcf,jpg
national-gallery-singapore,/15633/20201225142119im_/https://www.dailyserving.com/wp-content/uploads/2016/09/7-Gun.jpg,8c57e1f8-1bc6-42cf-be52-d9829ca2cc07,jpg
national-gallery-singapore,https://wayback.archive-it.org/15633/20201225142119im_/http://www.dailyserving.com/wp-content/themes/cameron/images/share-button.jpg,11363992-e862-4b52-a580-5f0f229a111a,jpg
national-gallery-singapore,/15633/20201225142119im_/https://www.dailyserving.com/wp-content/themes/cameron/images/series/help-a.jpg,6a4bd5f4-4aeb-4068-b497-f5f30b0580f4,jpg
national-gallery-singapore,/15633/20201225142119im_/https://www.dailyserving.com/wp-content/themes/cameron/images/series/hash-a.jpg,19b202c4-c4b2-480a-97a0-d480fc2010ab,jpg
national-gallery-singapore,/15633/20201225142119im_/https://www.dailyserving.com/wp-content/themes/cameron/images/series/fan-a.jpg,9ef82a89-0c94-4fb2-8a62-c39c0aae98e4,jpg
national-gallery-singapore,/15633/20201225142119im_/https://www.dailyserving.com/wp-content/themes/cameron/images/series/inter-a.jpg,377fa5fb-19ec-47a4-b93c-c5dd8c2d0e45,jpg
national-gallery-singapore,/15633/20201225142119im_/https://www.dailyserving.com/wp-content/uploads/2013/04/LA-a-2.jpg,672ad6c5-01d6-4740-a6a3-6139561242ec,jpg
van-gogh-china,https://wayback.archive-it.org/15633/20201227042059im_/http://www.artpractical.com/favicon.ico,673a4dd7-b0cf-4f1a-93ff-0049704d42a9,ico
he-ink-stone,/15633/20201224180606im_/https://www.dailyserving.com/2016/01/he-yunchang-water-forming-stone-at-ink-studio/favicon.ico,1ca7c2f5-f955-4716-9834-130351554cd6,n/a
he-ink-stone,https://wayback.archive-it.org/15633/20201224180606im_/https://www.dailyserving.com/favicon.ico,c2fb9fa8-3289-43b0-8aa6-cbf3a2f45ebc,ico
he-ink-stone,https://wayback.archive-it.org/15633/20201224180606im_/https://www.dailyserving.com/favicon.gif,f263d533-f715-4fac-8734-de313661441d,n/a
axe-bahia,https://wayback.archive-it.org/15633/20201226003916im_/http://www.artpractical.com/favicon.ico,87dff996-bab4-4932-830d-401b0027542d,ico
on-kawara,/15633/20201225141733im_/https://www.dailyserving.com/2015/04/on-kawara-silence-at-the-guggenheim-museum/favicon.ico,74fe98e2-3e0b-4c9c-b607-1489e2eec2e1,n/a
on-kawara,https://wayback.archive-it.org/15633/20201225141733im_/https://www.dailyserving.com/favicon.ico,2e824455-7128-493c-a4f8-f86d104183f7,ico
on-kawara,https://wayback.archive-it.org/15633/20201225141733im_/https://www.dailyserving.com/favicon.gif,4f007dd6-3429-43ca-9337-d322941bc49b,n/a
schoolhouse-bus,https://wayback.archive-it.org/15633/20201226025722im_/http://www.artpractical.com/favicon.ico,a4f1e4ad-381b-4b73-b366-fa4120ae9e73,ico
taca-sui,/15633/20201225142228im_/https://www.dailyserving.com/2015/09/taca-sui-steles-huang-yi-project-at-chambers-fine-art-beijing/favicon.ico,2c9a02d9-b7e6-4981-aae1-5170642bc416,n/a
taca-sui,https://wayback.archive-it.org/15633/20201225142228im_/https://www.dailyserving.com/favicon.ico,646a0b06-d992-408d-aaa0-84a2a00354fa,ico
taca-sui,https://wayback.archive-it.org/15633/20201225142228im_/https://www.dailyserving.com/favicon.gif,eaf0aafe-a19c-4ba2-9e73-f3b705e3c00d,n/a
made-in-taiwan,/15633/20201225200616im_/https://www.dailyserving.com/2016/03/made-in-taiwan-a-retrospective-of-yang-mao-lin-at-the-taipei-fine-arts-museum/favicon.ico,cd83d93b-7458-4f50-894c-2561b0823233,n/a
made-in-taiwan,https://wayback.archive-it.org/15633/20201225200616im_/https://www.dailyserving.com/favicon.ico,da6203f5-e992-4036-a731-a00738194f8c,ico
made-in-taiwan,https://wayback.archive-it.org/15633/20201225200616im_/https://www.dailyserving.com/favicon.gif,c3d802c9-8973-45fa-afb1-2527074a889a,n/a
lu-mind-traveling,https://wayback.archive-it.org/15633/20201227041801im_/http://www.artpractical.com/favicon.ico,65ae293c-c711-4147-8365-6eb7342be800,ico
anderson,https://wayback.archive-it.org/15633/20201225084610im_/http://www.artpractical.com/favicon.ico,765253ec-e4e6-4cf8-bc9c-4fcaa53b6dff,ico
28-chinese,https://wayback.archive-it.org/15633/20201227044506im_/http://www.artpractical.com/favicon.ico,213215af-3cf3-434a-aa07-f4e0feb69ba8,ico
tellez-games,https://wayback.archive-it.org/15633/20201227063517im_/http://www.artpractical.com/favicon.ico,a58ce943-289e-405b-bc3b-4ac97fbf622f,ico
guggenheim-tales,/15633/20201224070454im_/https://www.dailyserving.com/2017/02/tales-of-our-time-at-the-guggenheim/favicon.ico,0acf74c9-c7cd-4536-8617-8db347d6a844,n/a
guggenheim-tales,https://wayback.archive-it.org/15633/20201224070454im_/https://www.dailyserving.com/favicon.ico,563d5bf8-d278-4bd6-80df-eac56a8f7d5a,ico
guggenheim-tales,https://wayback.archive-it.org/15633/20201224070454im_/https://www.dailyserving.com/favicon.gif,6c2e4224-5d79-4f95-95f7-20dc9b245bb6,n/a
chang-cherney,https://wayback.archive-it.org/15633/20201227034348im_/http://www.artpractical.com/favicon.ico,54024c6c-c132-4e60-9a19-3d3e3a5c4c2f,ico
national-gallery-singapore,/15633/20201225142119im_/https://www.dailyserving.com/2016/09/between-declarations-and-dreams-art-of-southeast-asia-since-the-19th-century-at-the-national-gallery-singapore/favicon.ico,25dabfbf-407e-4de7-8203-9ae50c35ce4d,n/a
national-gallery-singapore,https://wayback.archive-it.org/15633/20201225142119im_/https://www.dailyserving.com/favicon.ico,9f27dcf2-ad57-40ef-be91-b90962680633,ico
national-gallery-singapore,https://wayback.archive-it.org/15633/20201225142119im_/https://www.dailyserving.com/favicon.gif,748bdf3f-6483-4b17-b0a6-e23426b285fe,n/a
van-gogh-china,https://wayback.archive-it.org/15633/20201227042059cs_/https://www.artpractical.com/assets/css/all.css?v=7,e3df6669-a03f-4601-a12b-226fa2a4f167,css
van-gogh-china,https://wayback.archive-it.org/15633/20201227042059cs_/https://www.artpractical.com/assets/css/print.css,e24d7ebc-f5ee-4430-bf9c-c0eb76dd5891,css
he-ink-stone,https://wayback.archive-it.org/15633/20201224180606cs_/https://www.dailyserving.com/wp-content/themes/cameron/style.css,82a8e265-b360-4efc-923f-fa9deda1c10d,css
he-ink-stone,https://wayback.archive-it.org/15633/20201224180606cs_/http://fonts.googleapis.com/css?family=Abel,a8f76de5-9660-4b41-9267-98c9fd397065,css
he-ink-stone,https://wayback.archive-it.org/15633/20201224180606cs_/http://www.dailyserving.com/wp-content/plugins/tabbed-widgets/css/tabbed-widgets.css?ver=4.0.13,e00b8613-ec23-45c9-a065-f69ae1ae199d,css
he-ink-stone,https://wayback.archive-it.org/15633/20201224180606cs_/https://www.dailyserving.com/wp-content/plugins/add-to-any/addtoany.min.css?ver=1.7,f050fcb9-cd33-4e6f-8ca1-7f284378e941,css
he-ink-stone,https://wayback.archive-it.org/15633/20201224180606cs_/https://static.ctctcdn.com/h/contacts-embedded-signup-assets/1.0.2/css/signup-form.css,086f7a84-9974-48df-b04d-850d81e0710e,css
axe-bahia,https://wayback.archive-it.org/15633/20201226003916cs_/https://www.artpractical.com/assets/css/all.css?v=7,9eaf9c6e-c23e-4afe-9deb-c3955dba9b5c,css
axe-bahia,https://wayback.archive-it.org/15633/20201226003916cs_/https://www.artpractical.com/assets/css/print.css,6fefd689-746e-4fe1-8bd2-59ef0c34e73b,css
on-kawara,https://wayback.archive-it.org/15633/20201225141733cs_/https://www.dailyserving.com/wp-content/themes/cameron/style.css,835b32dc-81ae-405e-9871-93d108eb3401,css
on-kawara,https://wayback.archive-it.org/15633/20201225141733cs_/http://fonts.googleapis.com/css?family=Abel,ada2ad2d-c346-43e2-8b3d-fd927a4382c2,css
on-kawara,https://wayback.archive-it.org/15633/20201225141733cs_/http://www.dailyserving.com/wp-content/plugins/tabbed-widgets/css/tabbed-widgets.css?ver=4.0.13,78ac59dc-d691-466f-b537-34ebfeac9238,css
on-kawara,https://wayback.archive-it.org/15633/20201225141733cs_/https://www.dailyserving.com/wp-content/plugins/add-to-any/addtoany.min.css?ver=1.7,52d71f40-81e4-439a-bf1e-87b26f86cdf0,css
on-kawara,https://wayback.archive-it.org/15633/20201225141733cs_/https://static.ctctcdn.com/h/contacts-embedded-signup-assets/1.0.2/css/signup-form.css,23dcf9d2-42f1-4af8-bea2-5009ae19839d,css
schoolhouse-bus,https://wayback.archive-it.org/15633/20201226025722cs_/https://www.artpractical.com/assets/css/all.css?v=7,6e4f6fc2-dc3c-4795-9e9b-44760e9d89db,css
schoolhouse-bus,https://wayback.archive-it.org/15633/20201226025722cs_/https://www.artpractical.com/assets/css/print.css,17782eae-274e-4eb1-a1d6-5029bb8c0fff,css
taca-sui,https://wayback.archive-it.org/15633/20201225142228cs_/https://www.dailyserving.com/wp-content/themes/cameron/style.css,e734abe1-17aa-49f4-a899-4394078acfd1,css
taca-sui,https://wayback.archive-it.org/15633/20201225142228cs_/http://fonts.googleapis.com/css?family=Abel,cd00654c-789e-4cea-b887-b35f0a1473b3,css
taca-sui,https://wayback.archive-it.org/15633/20201225142228cs_/http://www.dailyserving.com/wp-content/plugins/tabbed-widgets/css/tabbed-widgets.css?ver=4.0.13,ecc2162a-8eec-455c-b34a-761be7b23426,css
taca-sui,https://wayback.archive-it.org/15633/20201225142228cs_/https://www.dailyserving.com/wp-content/plugins/add-to-any/addtoany.min.css?ver=1.7,0f897de7-52df-4094-8d87-f0bad6731d86,css
taca-sui,https://wayback.archive-it.org/15633/20201225142228cs_/https://static.ctctcdn.com/h/contacts-embedded-signup-assets/1.0.2/css/signup-form.css,ee5e832e-8462-4931-8517-5726cba6458d,css
made-in-taiwan,https://wayback.archive-it.org/15633/20201225200616cs_/https://www.dailyserving.com/wp-content/themes/cameron/style.css,96516947-d311-43a2-b5ba-6453fe7676cc,css
made-in-taiwan,https://wayback.archive-it.org/15633/20201225200616cs_/http://fonts.googleapis.com/css?family=Abel,d42bc994-0def-4fe6-b7fc-642f1c332fe9,css
made-in-taiwan,https://wayback.archive-it.org/15633/20201225200616cs_/http://www.dailyserving.com/wp-content/plugins/tabbed-widgets/css/tabbed-widgets.css?ver=4.0.13,8da1ee1f-fb8c-4aff-83a9-b836c46159c6,css
made-in-taiwan,https://wayback.archive-it.org/15633/20201225200616cs_/https://www.dailyserving.com/wp-content/plugins/add-to-any/addtoany.min.css?ver=1.7,4d714d4c-428a-4965-a7eb-145aa2107705,css
made-in-taiwan,https://wayback.archive-it.org/15633/20201225200616cs_/https://static.ctctcdn.com/h/contacts-embedded-signup-assets/1.0.2/css/signup-form.css,d1cd81cd-1e39-4b92-afc7-a63d45387565,css
lu-mind-traveling,https://wayback.archive-it.org/15633/20201227041801cs_/https://www.artpractical.com/assets/css/all.css?v=7,43f2e2e2-02cc-493c-b3fb-58ef03d9402c,css
lu-mind-traveling,https://wayback.archive-it.org/15633/20201227041801cs_/https://www.artpractical.com/assets/css/print.css,58a758f7-b893-48ed-9a66-6fd02be40d10,css
anderson,https://wayback.archive-it.org/15633/20201225084610cs_/https://www.artpractical.com/assets/css/all.css?v=7,07c1da48-176e-4963-89e4-47f45754d8a9,css
anderson,https://wayback.archive-it.org/15633/20201225084610cs_/https://www.artpractical.com/assets/css/print.css,24b63b9d-8879-46f8-93bc-78209e9019ff,css
28-chinese,https://wayback.archive-it.org/15633/20201227044506cs_/https://www.artpractical.com/assets/css/all.css?v=7,e4f08491-4794-41fe-a8e1-db5c8b9d494d,css
28-chinese,https://wayback.archive-it.org/15633/20201227044506cs_/https://www.artpractical.com/assets/css/print.css,cbec654b-34a8-40db-ad19-824668a614dc,css
tellez-games,https://wayback.archive-it.org/15633/20201227063517cs_/https://www.artpractical.com/assets/css/all.css?v=7,010a633d-46c4-451a-9b6a-4539aa669146,css
tellez-games,https://wayback.archive-it.org/15633/20201227063517cs_/https://www.artpractical.com/assets/css/print.css,4f951589-ba24-402c-928f-e50428c4b497,css
guggenheim-tales,https://wayback.archive-it.org/15633/20201224070454cs_/https://www.dailyserving.com/wp-content/themes/cameron/style.css,cd167f5e-b9f0-45f2-bfd3-b808d2bf92a5,css
guggenheim-tales,https://wayback.archive-it.org/15633/20201224070454cs_/http://fonts.googleapis.com/css?family=Abel,ba7ea4c8-233b-453c-aa11-81cf5425ba6b,css
guggenheim-tales,https://wayback.archive-it.org/15633/20201224070454cs_/http://www.dailyserving.com/wp-content/plugins/tabbed-widgets/css/tabbed-widgets.css?ver=4.0.13,db8dc31b-2ddf-47f4-835e-117f02e7258f,css
guggenheim-tales,https://wayback.archive-it.org/15633/20201224070454cs_/https://www.dailyserving.com/wp-content/plugins/add-to-any/addtoany.min.css?ver=1.7,a7f06513-2384-44ab-a595-c60f68b8d1cd,css
guggenheim-tales,https://wayback.archive-it.org/15633/20201224070454cs_/https://static.ctctcdn.com/h/contacts-embedded-signup-assets/1.0.2/css/signup-form.css,01be2374-d5d6-4c80-bc9c-2c5ea79f8200,css
chang-cherney,https://wayback.archive-it.org/15633/20201227034348cs_/https://www.artpractical.com/assets/css/all.css?v=7,f1127891-c3cc-4831-b024-de6f977d5ef5,css
chang-cherney,https://wayback.archive-it.org/15633/20201227034348cs_/https://www.artpractical.com/assets/css/print.css,5c8fde52-eed6-4350-b09d-236d40dc91af,css
national-gallery-singapore,https://wayback.archive-it.org/15633/20201225142119cs_/https://www.dailyserving.com/wp-content/themes/cameron/style.css,62bd4fd6-c32f-4e7f-962d-9436ce95013f,css
national-gallery-singapore,https://wayback.archive-it.org/15633/20201225142119cs_/http://fonts.googleapis.com/css?family=Abel,5801219f-64c1-45ec-b61d-8874957c1d19,css
national-gallery-singapore,https://wayback.archive-it.org/15633/20201225142119cs_/http://www.dailyserving.com/wp-content/plugins/tabbed-widgets/css/tabbed-widgets.css?ver=4.0.13,50147763-a56f-4946-b909-a52c9f42ac91,css
national-gallery-singapore,https://wayback.archive-it.org/15633/20201225142119cs_/https://www.dailyserving.com/wp-content/plugins/add-to-any/addtoany.min.css?ver=1.7,ce105971-8a2d-4a5c-b2da-e43064459da9,css
national-gallery-singapore,https://wayback.archive-it.org/15633/20201225142119cs_/https://static.ctctcdn.com/h/contacts-embedded-signup-assets/1.0.2/css/signup-form.css,b978c9e1-e1ac-4488-ad00-d8ccbb954185,css
he-ink-stone,/15633/20201224180606/https://www.dailyserving.com/wp-content/uploads/2016/01/1314_1000.jpg,e93411f5-3454-49fd-8bc4-04e0bb50546f,jpg
he-ink-stone,/15633/20201224180606/https://www.dailyserving.com/wp-content/uploads/2016/01/1162_1000.jpg,1f2348ab-72d7-4c72-b520-c5b076c10786,jpg
he-ink-stone,/15633/20201224180606/https://www.dailyserving.com/wp-content/uploads/2016/01/Keeping-promise.jpg,2794bfa8-ed3f-4d19-830b-67a7de1a3eb4,jpg
he-ink-stone,/15633/20201224180606/https://www.dailyserving.com/wp-content/uploads/2016/01/19968-26681-32907-39592-1.jpg,e860baec-1b71-4886-82c8-888d90ce5b0e,jpg
made-in-taiwan,/15633/20201225200616/https://www.dailyserving.com/wp-content/uploads/2016/03/1_Exhibition.jpg,d8ff6120-83e1-4c01-9747-6fe67e729874,jpg
made-in-taiwan,/15633/20201225200616/https://www.dailyserving.com/wp-content/uploads/2016/03/2_Kun.jpg,a9167421-5e2d-434e-aa43-10bfbdab0ef3,jpg
made-in-taiwan,/15633/20201225200616/https://www.dailyserving.com/wp-content/uploads/2016/03/3_Lily.jpg,5d3412da-18dd-4c90-8aa5-3802a7f09284,jpg
made-in-taiwan,/15633/20201225200616/https://www.dailyserving.com/wp-content/uploads/2016/03/4_Zealandia.jpg,97119cce-7c73-4f4e-83b7-6d2e84282567,jpg
made-in-taiwan,/15633/20201225200616/https://www.dailyserving.com/wp-content/uploads/2016/03/5-Immortals.jpg,913c9601-d27f-4b8b-8b73-13bd294933ec,jpg
made-in-taiwan,/15633/20201225200616/https://www.dailyserving.com/wp-content/uploads/2016/03/7.Wonderland.jpg,55851464-f48f-4152-9c75-ba5931a42810,jpg
tellez-games,https://wayback.archive-it.org/15633/20201227063517/http://en.wikipedia.org/wiki/Gardens_of_Bomarzo#/media/File:Bomarzo_parco_mostri_orco.jpg,b07644a4-4e6e-451a-919c-6e41b2ac0b15,n/a
tellez-games,https://wayback.archive-it.org/15633/20201227063517/https://auraetcetera.files.wordpress.com/2010/06/bouche.jpg,d21edb0d-fdc1-40c1-a490-b0e1394b35f6,n/a
tellez-games,https://wayback.archive-it.org/15633/20201227063517/http://www.brooklynrail.org/article_image/image/9610/oisteanu-web1.jpg,b1ef54bb-e0ee-4243-a0cb-cd54c0e81662,n/a
guggenheim-tales,/15633/20201224070454/https://www.dailyserving.com/wp-content/uploads/2017/02/BAI_Tales-of-our-Time_text.jpeg,f1abc05f-5a33-4768-a180-2d1fb49ab288,jpg
national-gallery-singapore,/15633/20201225142119/https://www.dailyserving.com/wp-content/uploads/2016/09/1-NationalGallerySingaporeAtrium.jpg,c455b126-4738-488c-bc4e-8c7dff9c8808,jpg
national-gallery-singapore,/15633/20201225142119/https://www.dailyserving.com/wp-content/uploads/2016/09/2-SupremeCourt.jpg,bd94d4f4-3d40-4c1e-98f2-8f4f86b7b3c4,jpg
national-gallery-singapore,/15633/20201225142119/https://www.dailyserving.com/wp-content/uploads/2016/09/3-TonkinWoman.jpg,83d496ac-bdec-4836-ab81-8c32d1b7a512,jpg
national-gallery-singapore,/15633/20201225142119/https://www.dailyserving.com/wp-content/uploads/2016/09/4-Singers.jpg,9e58eff8-8772-4c27-ad2b-655876da9334,jpg
national-gallery-singapore,/15633/20201225142119/https://www.dailyserving.com/wp-content/uploads/2016/09/5-Morning.jpg,52538b95-b479-45e5-a157-68074bed26ff,jpg
national-gallery-singapore,/15633/20201225142119/https://www.dailyserving.com/wp-content/uploads/2016/09/6-DawnonFarm.jpg,25fbe6d6-9047-4743-a0d1-cf3542034681,jpg
national-gallery-singapore,/15633/20201225142119/https://www.dailyserving.com/wp-content/uploads/2016/09/7-Gun.jpg,98b336e2-c741-4db1-b0b5-1eff26409bd5,jpg
